title,award_year,is_winner
Dragon Age: Inquisition,2014,True
Bayonetta 2,2014,False
Dark Souls II,2014,False
Hearthstone,2014,False
Middle-earth: Shadow of Mordor,2014,False
The Witcher 3: Wild Hunt,2015,True
Bloodborne,2015,False
Fallout 4,2015,False
Metal Gear Solid V: The Phantom Pain,2015,False
Super Mario Maker,2015,False
Overwatch,2016,True
Doom,2016,False
Inside,2016,False
Titanfall 2,2016,False
Uncharted 4: A Thief's End,2016,False
The Legend of Zelda: Breath of the Wild,2017,True
Horizon Zero Dawn,2017,False
Persona 5,2017,False
PlayerUnknown's Battlegrounds,2017,False
Super Mario Odyssey,2017,False
God of War,2018,True
Assassin's Creed Odyssey,2018,False
Celeste,2018,False
Marvel's Spider-Man,2018,False
Monster Hunter: World,2018,False
Red Dead Redemption 2,2018,False
Sekiro: Shadows Die Twice,2019,True
Control,2019,False
Death Stranding,2019,False
Resident Evil 2,2019,False
Super Smash Bros. Ultimate,2019,False
Super Smash Bros. Ultimate,2019,False
The Outer Worlds,2019,False
The Last of Us Part II,2020,True
Animal Crossing: New Horizons,2020,False
Doom Eternal,2020,False
Final Fantasy VII Remake,2020,False
Ghost of Tsushima,2020,False
Hades,2020,False
It Takes Two,2021,True
Deathloop,2021,False
Metroid Dread,2021,False
Psychonauts 2,2021,False
Ratchet & Clank: Rift Apart,2021,False
Resident Evil Village,2021,False
Elden Ring,2022,True
A Plague Tale: Requiem,2022,False
God of War Ragnarök,2022,False
Horizon Forbidden West,2022,False
Stray,2022,False
Xenoblade Chronicles 3,2022,False
Baldur's Gate 3,2023,True
Alan Wake 2,2023,False
The Legend of Zelda: Tears of the Kingdom,2023,False
Marvel's Spider-Man 2,2023,False
Resident Evil 4,2023,False
Super Mario Bros. Wonder,2023,False
Astro Bot,2024,True
Balatro,2024,False
Black Myth: Wukong,2024,False
Elden Ring Shadow of the Erdtree,2024,False
Final Fantasy VII Rebirth,2024,False
Metaphor: ReFantazio,2024,False
Clair Obscur: Expedition 33,2025,True
Death Stranding 2: On the Beach,2025,False
Donkey Kong Bananza,2025,False
Hades II,2025,False
Hollow Knight: Silksong,2025,False
Kingdom Come: Deliverance II,2025,False
